loan_id,dpd_bucket,days_past_due,principal_balance,recovery_status,is_self_healer,recovery_probability
5000,31-60 DPD,36,3525.253513838563,1,0,0.656
5001,1-30 DPD,16,2696.3527965826265,1,0,0.736
5002,31-60 DPD,41,4214.728283161534,1,0,0.636
5003,61-90 DPD,68,641.5087443183417,0,0,0.528
5004,31-60 DPD,54,4136.224835141815,0,0,0.5840000000000001
5005,90+ DPD,132,3045.2783882473877,0,0,0.272
5006,1-30 DPD,20,1839.3012441677479,1,0,0.7200000000000001
5007,90+ DPD,112,710.1307422812896,0,0,0.35200000000000004
5008,31-60 DPD,52,4957.823297618583,1,0,0.5920000000000001
5009,90+ DPD,140,530.7157986964484,0,0,0.24
5010,1-30 DPD,12,3964.068626854729,1,0,0.752
5011,31-60 DPD,50,3860.4519544743484,1,0,0.6000000000000001
5012,1-30 DPD,13,2198.475213507343,1,0,0.748
5013,1-30 DPD,8,2723.6635350843917,1,1,0.768
5014,90+ DPD,178,4680.267764430107,0,0,0.08800000000000008
5015,31-60 DPD,34,2279.543199556191,1,0,0.664
5016,1-30 DPD,17,4882.80333573032,0,0,0.732
5017,1-30 DPD,8,2859.8662191885805,0,0,0.768
5018,1-30 DPD,8,921.2589198398866,1,0,0.768
5019,31-60 DPD,56,4159.88785751958,1,0,0.5760000000000001
5020,31-60 DPD,47,1452.5905351521355,0,0,0.6120000000000001
5021,1-30 DPD,12,2994.556030658084,1,1,0.752
5022,1-30 DPD,18,1815.2110218162272,1,0,0.728
5023,1-30 DPD,14,4172.640619942347,1,1,0.744
5024,1-30 DPD,28,4226.191547930652,1,0,0.6880000000000001
5025,1-30 DPD,26,1497.0981727830997,1,0,0.6960000000000001
5026,31-60 DPD,54,3401.756157214902,0,0,0.5840000000000001
5027,61-90 DPD,74,928.3172987008868,0,0,0.504
5028,1-30 DPD,22,2352.484574793223,0,0,0.7120000000000001
5029,1-30 DPD,23,935.8936756820021,1,0,0.7080000000000001
5030,61-90 DPD,87,1148.049495084581,1,0,0.452
5031,31-60 DPD,52,1454.8827889200065,0,0,0.5920000000000001
5032,61-90 DPD,88,2644.95269505137,1,0,0.44800000000000006
5033,61-90 DPD,90,849.2622647000669,0,0,0.44000000000000006
5034,1-30 DPD,22,1557.697016860406,1,0,0.7120000000000001
5035,1-30 DPD,10,529.4885120652384,1,0,0.76
5036,1-30 DPD,7,4543.8988418257995,1,0,0.772
5037,1-30 DPD,4,2985.0549209494843,0,1,0.784
5038,61-90 DPD,77,1253.9598247143658,0,1,0.49200000000000005
5039,61-90 DPD,69,4679.951825730812,1,0,0.524
5040,31-60 DPD,42,2939.3946446806494,1,0,0.632
5041,31-60 DPD,47,687.9133908240796,1,0,0.6120000000000001
5042,1-30 DPD,12,2861.945779829058,1,1,0.752
5043,1-30 DPD,28,3380.641432314462,1,0,0.6880000000000001
5044,31-60 DPD,48,4102.961736408848,0,0,0.6080000000000001
5045,1-30 DPD,4,4257.134832607746,1,0,0.784
5046,31-60 DPD,59,1636.8450356857215,1,0,0.5640000000000001
5047,1-30 DPD,16,4857.230807488778,1,0,0.736
5048,1-30 DPD,7,2598.07160619429,1,0,0.772
5049,61-90 DPD,61,1688.4102643469241,1,0,0.556
5050,61-90 DPD,73,2972.2028801723236,0,0,0.508
5051,1-30 DPD,22,2198.0020426042856,1,0,0.7120000000000001
5052,61-90 DPD,86,1416.7775659243748,0,0,0.456
5053,31-60 DPD,38,4619.581245409303,1,0,0.648
5054,31-60 DPD,51,4726.298402983903,0,0,0.5960000000000001
5055,1-30 DPD,13,4268.721166588646,1,1,0.748
5056,1-30 DPD,1,2447.5520083599818,1,0,0.796
5057,1-30 DPD,7,3722.508283650201,1,0,0.772
5058,1-30 DPD,24,4331.047958023035,1,0,0.7040000000000001
5059,61-90 DPD,65,855.7100839010043,1,0,0.54
5060,1-30 DPD,23,2344.813412639245,1,0,0.7080000000000001
5061,1-30 DPD,26,3387.0654534805863,0,0,0.6960000000000001
5062,1-30 DPD,21,4894.0309499758705,1,0,0.7160000000000001
5063,1-30 DPD,6,3673.7976166108574,1,0,0.776
5064,61-90 DPD,61,3364.790462201564,1,0,0.556
5065,1-30 DPD,6,1424.2401988999027,1,0,0.776
5066,1-30 DPD,4,1818.7930082025066,0,0,0.784
5067,31-60 DPD,54,1220.045333141764,1,0,0.5840000000000001
5068,1-30 DPD,10,1867.699417026273,1,1,0.76
5069,90+ DPD,148,3733.2787090002194,0,0,0.20800000000000007
5070,90+ DPD,179,4810.909995225886,0,0,0.08400000000000007
5071,1-30 DPD,1,571.0199915892556,1,0,0.796
5072,61-90 DPD,65,1906.6750598731817,1,0,0.54
5073,1-30 DPD,6,720.1070913921751,0,1,0.776
5074,1-30 DPD,17,4436.4690160399905,1,0,0.732
5075,1-30 DPD,29,3621.910547672601,1,0,0.684
5076,1-30 DPD,26,4219.513357870171,1,0,0.6960000000000001
5077,31-60 DPD,52,4632.566669188261,0,0,0.5920000000000001
5078,1-30 DPD,16,1189.033046590088,1,0,0.736
5079,61-90 DPD,66,2615.1287933970407,1,0,0.536
5080,31-60 DPD,35,2958.208859167344,0,0,0.66
5081,1-30 DPD,22,2823.138087380073,1,0,0.7120000000000001
5082,31-60 DPD,37,3741.879009816949,0,0,0.652
5083,90+ DPD,167,4201.363170530689,0,0,0.132
5084,1-30 DPD,8,1558.6994274254266,1,1,0.768
5085,1-30 DPD,13,974.930040722219,1,0,0.748
5086,1-30 DPD,2,3262.4601882309,1,0,0.792
5087,1-30 DPD,10,1596.4533681357495,1,0,0.76
5088,31-60 DPD,57,4221.259076617916,1,0,0.5720000000000001
5089,1-30 DPD,17,2594.881467795114,1,0,0.732
5090,31-60 DPD,52,3609.634453917919,1,0,0.5920000000000001
5091,1-30 DPD,15,2096.613564317642,1,0,0.74
5092,1-30 DPD,5,965.5984874713594,1,0,0.78
5093,1-30 DPD,5,1844.9572936785926,1,0,0.78
5094,31-60 DPD,52,1234.439944111422,1,0,0.5920000000000001
5095,31-60 DPD,52,1547.7086507753656,1,0,0.5920000000000001
5096,61-90 DPD,89,2949.8783572602606,0,0,0.44400000000000006
5097,61-90 DPD,84,2097.1004753303596,0,0,0.464
5098,61-90 DPD,61,3850.9126339810423,1,0,0.556
5099,1-30 DPD,24,3416.714691786789,1,0,0.7040000000000001
5100,61-90 DPD,64,3965.169337445662,0,0,0.544
5101,1-30 DPD,27,4056.492903854016,1,0,0.6920000000000001
5102,61-90 DPD,76,2869.638525684491,1,0,0.49600000000000005
5103,1-30 DPD,26,1653.3168356672463,1,0,0.6960000000000001
5104,61-90 DPD,64,4979.141962738684,0,0,0.544
5105,61-90 DPD,74,979.8051644682469,0,0,0.504
5106,1-30 DPD,10,2367.2357787263536,1,1,0.76
5107,1-30 DPD,19,1195.790599171089,1,0,0.7240000000000001
5108,1-30 DPD,21,2781.8578241494038,1,0,0.7160000000000001
5109,1-30 DPD,11,4130.944762275645,1,0,0.756
5110,90+ DPD,110,2636.4315324634267,1,0,0.36000000000000004
5111,90+ DPD,116,2453.638100990771,0,0,0.336
5112,1-30 DPD,6,1992.6656767428788,1,1,0.776
5113,61-90 DPD,87,845.3677276195635,0,0,0.452
5114,61-90 DPD,73,3759.0144572718914,0,0,0.508
5115,90+ DPD,118,3881.091701534871,0,0,0.328
5116,1-30 DPD,13,3267.677345947884,1,0,0.748
5117,1-30 DPD,6,4559.807349049146,1,1,0.776
5118,31-60 DPD,38,1099.1122719599566,0,0,0.648
5119,61-90 DPD,79,1402.966660636676,1,0,0.48400000000000004
5120,1-30 DPD,25,4317.047084897815,0,0,0.7000000000000001
5121,1-30 DPD,5,3475.0264691513908,0,0,0.78
5122,1-30 DPD,11,2823.964397042528,1,0,0.756
5123,1-30 DPD,19,3976.612341462317,1,0,0.7240000000000001
5124,31-60 DPD,46,3993.9039109357323,0,0,0.6160000000000001
5125,61-90 DPD,63,2996.8879811458933,1,0,0.548
5126,1-30 DPD,12,3602.8922153356984,1,0,0.752
5127,1-30 DPD,8,1621.1180397223918,1,1,0.768
5128,90+ DPD,170,3665.1418374907844,0,0,0.12
5129,1-30 DPD,4,2297.5718353805314,1,0,0.784
5130,31-60 DPD,57,3280.5900471625987,1,0,0.5720000000000001
5131,1-30 DPD,23,3203.5375488889495,1,0,0.7080000000000001
5132,1-30 DPD,22,3248.345066282935,1,0,0.7120000000000001
5133,1-30 DPD,20,3663.9199735764764,1,0,0.7200000000000001
5134,1-30 DPD,8,846.0000658222032,1,1,0.768
5135,1-30 DPD,16,1453.3604531869278,0,0,0.736
5136,1-30 DPD,10,1843.0302883720346,1,0,0.76
5137,1-30 DPD,24,4847.317416035807,0,0,0.7040000000000001
5138,1-30 DPD,15,3459.2703984083487,1,0,0.74
5139,1-30 DPD,1,1283.3646027567802,1,0,0.796
5140,1-30 DPD,3,3567.9134980501076,0,0,0.788
5141,1-30 DPD,16,4284.783056379185,0,0,0.736
5142,61-90 DPD,89,4550.258008390952,1,0,0.44400000000000006
5143,61-90 DPD,85,1435.8644677153065,0,0,0.46
5144,1-30 DPD,6,4763.9957174073415,1,1,0.776
5145,31-60 DPD,32,1542.9256346638053,1,0,0.672
5146,31-60 DPD,49,1191.9861211914822,0,0,0.6040000000000001
5147,90+ DPD,177,3338.448004803355,1,0,0.09200000000000008
5148,90+ DPD,134,664.5622669686427,0,0,0.264
5149,90+ DPD,135,4081.4865516086847,0,0,0.26
5150,1-30 DPD,13,1142.6180011986985,1,1,0.748
5151,90+ DPD,124,889.2095988685153,1,0,0.30400000000000005
5152,31-60 DPD,33,4185.403190609206,1,0,0.668
5153,31-60 DPD,44,4834.714300898552,1,0,0.6240000000000001
5154,31-60 DPD,33,3924.5899867067906,0,0,0.668
5155,61-90 DPD,84,4187.55548974581,1,0,0.464
5156,90+ DPD,152,4715.987149307684,0,0,0.19200000000000006
5157,31-60 DPD,44,2362.2832740122485,1,0,0.6240000000000001
5158,1-30 DPD,16,1935.0400230898267,1,0,0.736
5159,1-30 DPD,25,3682.7730678317284,1,0,0.7000000000000001
5160,31-60 DPD,48,3325.371961858444,1,0,0.6080000000000001
5161,61-90 DPD,74,3582.5924755467213,0,0,0.504
5162,31-60 DPD,45,3709.0840528659774,0,0,0.6200000000000001
5163,1-30 DPD,23,3717.5253568604394,1,0,0.7080000000000001
5164,1-30 DPD,15,1499.020804163968,1,0,0.74
5165,31-60 DPD,50,874.4178406999022,1,0,0.6000000000000001
5166,1-30 DPD,8,2751.8007495189313,0,1,0.768
5167,1-30 DPD,13,4730.461711334321,1,1,0.748
5168,1-30 DPD,26,3805.116164940208,1,0,0.6960000000000001
5169,1-30 DPD,19,1240.1346654390552,1,0,0.7240000000000001
5170,61-90 DPD,81,799.2804893458035,0,0,0.47600000000000003
5171,1-30 DPD,8,3123.768411484981,0,1,0.768
5172,1-30 DPD,23,3124.80243326381,1,0,0.7080000000000001
5173,31-60 DPD,35,3534.6410432537264,1,0,0.66
5174,1-30 DPD,26,1590.5595816344726,1,0,0.6960000000000001
5175,1-30 DPD,10,2521.053946121285,1,0,0.76
5176,31-60 DPD,49,3645.646816373745,1,0,0.6040000000000001
5177,1-30 DPD,30,1213.714971683134,0,0,0.68
5178,31-60 DPD,55,1342.7869822118143,1,0,0.5800000000000001
5179,90+ DPD,113,2474.717093321502,0,1,0.34800000000000003
5180,1-30 DPD,6,1627.2103081429811,1,1,0.776
5181,90+ DPD,163,4637.735691813378,0,0,0.14800000000000002
5182,1-30 DPD,10,1354.5522499711317,1,0,0.76
5183,31-60 DPD,59,2298.6941315313707,1,0,0.5640000000000001
5184,31-60 DPD,46,4178.615985200854,1,0,0.6160000000000001
5185,61-90 DPD,70,672.8191707506699,1,0,0.52
5186,1-30 DPD,10,3506.524727128626,1,1,0.76
5187,90+ DPD,135,563.1913885233386,1,0,0.26
5188,31-60 DPD,31,4676.749814896125,1,0,0.676
5189,90+ DPD,173,1013.8909683020893,0,1,0.10799999999999998
5190,61-90 DPD,88,1183.4340992227042,1,0,0.44800000000000006
5191,1-30 DPD,28,3238.812612090216,1,0,0.6880000000000001
5192,31-60 DPD,34,4312.6532530435725,1,0,0.664
5193,1-30 DPD,8,2463.6745630994055,0,1,0.768
5194,31-60 DPD,39,2594.2375401652093,1,0,0.644
5195,1-30 DPD,10,4263.429079844702,1,0,0.76
5196,61-90 DPD,61,2793.4077004812425,1,0,0.556
5197,1-30 DPD,5,2573.003259292755,1,1,0.78
5198,1-30 DPD,18,1821.3650656795458,1,0,0.728
5199,31-60 DPD,55,2130.897502015208,1,1,0.5800000000000001
5200,1-30 DPD,7,1975.5336073749065,0,1,0.772
5201,31-60 DPD,36,3059.7916456185676,1,0,0.656
5202,61-90 DPD,69,4018.864960839256,1,1,0.524
5203,61-90 DPD,78,3748.838669998935,0,0,0.48800000000000004
5204,31-60 DPD,42,3553.9379051656697,1,0,0.632
5205,1-30 DPD,11,4678.338407638064,1,1,0.756
5206,1-30 DPD,27,4402.0005868745175,1,0,0.6920000000000001
5207,1-30 DPD,11,4661.50835995518,1,0,0.756
5208,31-60 DPD,52,689.2202518852928,1,0,0.5920000000000001
5209,1-30 DPD,15,2272.1842013978276,0,0,0.74
5210,1-30 DPD,1,3125.6735498543594,0,0,0.796
5211,61-90 DPD,78,2578.3904683702517,1,0,0.48800000000000004
5212,90+ DPD,126,3557.0809932309494,1,0,0.29600000000000004
5213,1-30 DPD,4,4943.3710205105235,1,0,0.784
5214,31-60 DPD,32,1190.950788390658,0,0,0.672
5215,61-90 DPD,84,1999.380021193128,0,0,0.464
5216,61-90 DPD,74,4789.063532775589,0,0,0.504
5217,1-30 DPD,11,2420.7947770144965,1,0,0.756
5218,1-30 DPD,13,2376.8558762673492,1,1,0.748
5219,1-30 DPD,3,4420.447895192614,0,1,0.788
5220,1-30 DPD,28,687.7603059229855,1,0,0.6880000000000001
5221,31-60 DPD,42,1037.8411168491343,1,0,0.632
5222,31-60 DPD,42,1070.1113899496886,0,0,0.632
5223,31-60 DPD,57,4952.790505717937,0,0,0.5720000000000001
5224,1-30 DPD,3,902.2406094708886,1,1,0.788
5225,31-60 DPD,47,2311.127800325192,1,0,0.6120000000000001
5226,1-30 DPD,25,4510.089418710784,0,0,0.7000000000000001
5227,31-60 DPD,52,2229.068392973789,1,0,0.5920000000000001
5228,61-90 DPD,75,607.1156653468863,0,0,0.5
5229,1-30 DPD,29,2387.2906092828434,0,0,0.684
5230,90+ DPD,152,877.0929359146503,0,0,0.19200000000000006
5231,90+ DPD,94,3159.705560393892,0,0,0.42400000000000004
5232,90+ DPD,124,2604.2137306823483,0,0,0.30400000000000005
5233,61-90 DPD,82,2103.6788765719866,0,0,0.47200000000000003
5234,1-30 DPD,6,4321.443083285536,0,0,0.776
5235,1-30 DPD,4,4596.595546368861,1,1,0.784
5236,1-30 DPD,26,2729.1147153466004,1,0,0.6960000000000001
5237,61-90 DPD,86,2513.9526796385016,0,0,0.456
5238,1-30 DPD,13,4628.774848157372,1,1,0.748
5239,90+ DPD,132,4453.314097159415,1,0,0.272
5240,31-60 DPD,52,4310.030882793226,1,0,0.5920000000000001
5241,31-60 DPD,56,3400.11306026397,1,0,0.5760000000000001
5242,31-60 DPD,32,2893.240015694363,1,0,0.672
5243,31-60 DPD,40,4841.886658915478,1,0,0.64
5244,31-60 DPD,38,1815.0206695903964,1,0,0.648
5245,90+ DPD,163,1877.2598126495482,0,0,0.14800000000000002
5246,1-30 DPD,21,956.4403534854125,1,0,0.7160000000000001
5247,90+ DPD,124,2314.5710254694764,0,0,0.30400000000000005
5248,61-90 DPD,85,2832.7147279608885,1,0,0.46
5249,1-30 DPD,11,967.6834303455414,1,1,0.756
5250,31-60 DPD,51,2005.425880543898,1,0,0.5960000000000001
5251,31-60 DPD,60,2400.9420901450285,1,0,0.56
5252,1-30 DPD,23,4952.22572473634,0,0,0.7080000000000001
5253,90+ DPD,125,4896.929488106849,1,0,0.30000000000000004
5254,1-30 DPD,21,1020.5654167611572,1,0,0.7160000000000001
5255,1-30 DPD,20,2352.3810789879635,1,0,0.7200000000000001
5256,31-60 DPD,36,4035.519008020626,1,0,0.656
5257,31-60 DPD,57,3264.1794858601334,0,0,0.5720000000000001
5258,1-30 DPD,10,3674.729356953054,1,0,0.76
5259,1-30 DPD,19,4360.264824860902,1,0,0.7240000000000001
5260,1-30 DPD,28,2102.5919871146775,1,0,0.6880000000000001
5261,61-90 DPD,74,3651.4120547039824,0,0,0.504
5262,90+ DPD,142,3378.8076992299266,0,0,0.23199999999999998
5263,61-90 DPD,89,795.8181939450415,0,0,0.44400000000000006
5264,1-30 DPD,23,3491.365287893152,1,0,0.7080000000000001
5265,61-90 DPD,67,729.447784363685,1,0,0.532
5266,31-60 DPD,48,1533.8193070247726,0,0,0.6080000000000001
5267,1-30 DPD,22,996.4774478094567,1,1,0.7120000000000001
5268,90+ DPD,119,1543.0583233013792,0,0,0.324
5269,1-30 DPD,14,4778.497977274051,0,1,0.744
5270,1-30 DPD,19,4373.113551614197,0,0,0.7240000000000001
5271,1-30 DPD,27,1817.7628881759706,1,0,0.6920000000000001
5272,1-30 DPD,5,4790.651178821536,1,1,0.78
5273,90+ DPD,117,1046.0487204010903,1,0,0.332
5274,61-90 DPD,77,1312.4221588587993,0,0,0.49200000000000005
5275,31-60 DPD,58,2545.7846435289475,1,0,0.5680000000000001
5276,1-30 DPD,15,746.4483803441424,0,0,0.74
5277,1-30 DPD,12,2349.1234402457367,1,1,0.752
5278,1-30 DPD,6,3064.6853408631464,0,0,0.776
5279,61-90 DPD,62,4004.0404057635346,1,0,0.552
5280,1-30 DPD,6,3942.399548209165,1,1,0.776
5281,90+ DPD,113,4997.161793921596,1,0,0.34800000000000003
5282,1-30 DPD,22,2880.4235659462306,1,0,0.7120000000000001
5283,31-60 DPD,55,4242.3644689884095,0,0,0.5800000000000001
5284,1-30 DPD,12,3754.675109393976,1,0,0.752
5285,61-90 DPD,89,3959.644297219319,0,0,0.44400000000000006
5286,1-30 DPD,5,1819.988161716991,1,0,0.78
5287,31-60 DPD,55,3048.314461331715,1,0,0.5800000000000001
5288,1-30 DPD,28,4137.35383164737,1,0,0.6880000000000001
5289,61-90 DPD,77,2953.500412736784,1,0,0.49200000000000005
5290,61-90 DPD,71,4347.753153955349,1,0,0.516
5291,90+ DPD,169,2768.381604561242,0,0,0.124
5292,1-30 DPD,29,1633.2320853543717,1,0,0.684
5293,31-60 DPD,57,1001.7537609947449,0,0,0.5720000000000001
5294,31-60 DPD,60,1659.744866691694,1,0,0.56
5295,1-30 DPD,19,3281.091015748359,1,0,0.7240000000000001
5296,1-30 DPD,28,2571.8014189733,0,0,0.6880000000000001
5297,31-60 DPD,55,3832.508157354992,0,0,0.5800000000000001
5298,31-60 DPD,31,2196.0953391513553,1,0,0.676
5299,90+ DPD,134,3966.6369159082305,0,0,0.264
5300,1-30 DPD,30,1944.328517297416,0,0,0.68
5301,31-60 DPD,44,4893.801219739189,1,0,0.6240000000000001
5302,31-60 DPD,31,1844.4638008102345,1,0,0.676
5303,1-30 DPD,22,4387.153958858952,1,0,0.7120000000000001
5304,31-60 DPD,31,2434.1558244074276,1,0,0.676
5305,1-30 DPD,7,1602.2313227018233,1,0,0.772
5306,1-30 DPD,25,4810.401057404303,1,0,0.7000000000000001
5307,61-90 DPD,89,2262.469762396507,0,0,0.44400000000000006
5308,90+ DPD,175,3739.089583516023,0,0,0.09999999999999998
5309,31-60 DPD,37,1246.771609287477,0,1,0.652
5310,61-90 DPD,85,4838.8143052442965,1,0,0.46
5311,31-60 DPD,51,1123.9255623125491,1,0,0.5960000000000001
5312,61-90 DPD,86,4439.364337899124,0,0,0.456
5313,31-60 DPD,54,566.3988867174796,1,0,0.5840000000000001
5314,1-30 DPD,17,1925.92547429154,1,0,0.732
5315,61-90 DPD,77,2642.0240736016463,1,0,0.49200000000000005
5316,31-60 DPD,41,3725.09353268003,1,0,0.636
5317,31-60 DPD,57,3640.5623067145348,0,0,0.5720000000000001
5318,1-30 DPD,17,1746.8218577771067,1,0,0.732
5319,1-30 DPD,30,836.7560806006538,0,0,0.68
5320,1-30 DPD,9,937.2434571798706,0,0,0.764
5321,1-30 DPD,13,500.0782962276723,0,0,0.748
5322,31-60 DPD,31,3940.382896872526,0,1,0.676
5323,31-60 DPD,32,1110.476969566459,0,0,0.672
5324,90+ DPD,108,4165.394163129549,0,0,0.36800000000000005
5325,1-30 DPD,19,1746.4367168143265,1,0,0.7240000000000001
5326,31-60 DPD,47,1290.1559685815646,1,0,0.6120000000000001
5327,1-30 DPD,25,2587.507113828741,1,0,0.7000000000000001
5328,90+ DPD,127,3820.1262909183015,0,0,0.29200000000000004
5329,61-90 DPD,79,4310.705020796344,1,0,0.48400000000000004
5330,31-60 DPD,55,2845.0443711670578,1,0,0.5800000000000001
5331,1-30 DPD,11,1804.8498039061594,1,1,0.756
5332,1-30 DPD,24,2409.0635383983686,0,0,0.7040000000000001
5333,1-30 DPD,20,4796.9234042319795,1,0,0.7200000000000001
5334,1-30 DPD,9,4106.884958435305,1,1,0.764
5335,31-60 DPD,34,2220.3560607239533,0,0,0.664
5336,61-90 DPD,75,3632.1732854287643,0,0,0.5
5337,31-60 DPD,35,2415.3210461570234,0,0,0.66
5338,1-30 DPD,5,4006.136367969495,1,1,0.78
5339,1-30 DPD,21,1785.5937111880733,1,0,0.7160000000000001
5340,31-60 DPD,35,2367.2205146404476,1,0,0.66
5341,61-90 DPD,64,3288.5807123104737,0,0,0.544
5342,1-30 DPD,19,1194.327566380297,1,0,0.7240000000000001
5343,1-30 DPD,17,3780.745695226811,1,0,0.732
5344,31-60 DPD,35,3499.318291289601,1,0,0.66
5345,31-60 DPD,53,4938.308658576317,1,0,0.5880000000000001
5346,1-30 DPD,28,3749.140826587428,0,0,0.6880000000000001
5347,1-30 DPD,6,3307.896528991265,1,0,0.776
5348,1-30 DPD,26,3143.738790408805,0,0,0.6960000000000001
5349,31-60 DPD,31,3430.783439810128,1,0,0.676
5350,1-30 DPD,16,4813.141617856582,1,0,0.736
5351,31-60 DPD,58,994.9835689090356,1,0,0.5680000000000001
5352,31-60 DPD,48,4496.20520617597,1,0,0.6080000000000001
5353,61-90 DPD,68,1948.2375805788863,0,0,0.528
5354,31-60 DPD,31,520.5124997243021,1,0,0.676
5355,31-60 DPD,51,1556.7896788297344,1,0,0.5960000000000001
5356,1-30 DPD,13,2865.354457511748,1,0,0.748
5357,31-60 DPD,32,2991.0149371989287,1,0,0.672
5358,31-60 DPD,38,2962.806261531347,1,0,0.648
5359,1-30 DPD,1,3157.9346265823856,0,0,0.796
5360,61-90 DPD,88,644.777408971496,1,0,0.44800000000000006
5361,1-30 DPD,2,4996.510927953848,1,0,0.792
5362,1-30 DPD,3,2418.716374845879,1,1,0.788
5363,1-30 DPD,1,1217.9692462826956,0,0,0.796
5364,1-30 DPD,5,1503.129709751226,0,0,0.78
5365,31-60 DPD,51,3747.529800683346,1,0,0.5960000000000001
5366,1-30 DPD,30,1999.5830537467368,0,0,0.68
5367,1-30 DPD,12,3032.3478668641696,1,0,0.752
5368,90+ DPD,176,4788.251506483003,0,0,0.09600000000000009
5369,61-90 DPD,73,2594.00493733312,1,0,0.508
5370,1-30 DPD,7,3021.530754848938,1,0,0.772
5371,1-30 DPD,5,1896.1135728030579,0,1,0.78
5372,31-60 DPD,56,3776.3812688747375,1,0,0.5760000000000001
5373,1-30 DPD,23,3742.970660997053,0,0,0.7080000000000001
5374,1-30 DPD,20,2271.7206603796903,1,0,0.7200000000000001
5375,31-60 DPD,57,2196.489838911548,0,0,0.5720000000000001
5376,31-60 DPD,58,3536.86031252624,1,0,0.5680000000000001
5377,31-60 DPD,49,3535.7630907414477,1,0,0.6040000000000001
5378,1-30 DPD,21,4314.16329156778,0,0,0.7160000000000001
5379,1-30 DPD,28,4864.100013029742,1,0,0.6880000000000001
5380,1-30 DPD,12,1837.2856106812064,1,1,0.752
5381,1-30 DPD,15,2031.1281449588846,1,0,0.74
5382,1-30 DPD,15,2131.0654776288156,1,0,0.74
5383,61-90 DPD,63,3082.1478304640304,1,1,0.548
5384,1-30 DPD,15,1794.9334811604526,1,0,0.74
5385,61-90 DPD,67,3179.8491779663186,0,0,0.532
5386,90+ DPD,145,2891.135181444265,0,0,0.22000000000000008
5387,1-30 DPD,7,1369.8495817078428,1,0,0.772
5388,31-60 DPD,48,3995.457204972641,1,0,0.6080000000000001
5389,31-60 DPD,44,3949.556823428227,1,0,0.6240000000000001
5390,31-60 DPD,44,916.4060648218618,0,0,0.6240000000000001
5391,1-30 DPD,30,3155.7374185764306,1,0,0.68
5392,1-30 DPD,17,3370.4634818958143,1,0,0.732
5393,61-90 DPD,69,950.8500224540321,1,0,0.524
5394,31-60 DPD,46,1482.6192696866422,1,0,0.6160000000000001
5395,31-60 DPD,47,3789.3862075805237,0,0,0.6120000000000001
5396,1-30 DPD,14,1537.7114547142683,1,0,0.744
5397,1-30 DPD,1,1359.2449489190956,1,0,0.796
5398,1-30 DPD,16,946.7273969072002,0,0,0.736
5399,31-60 DPD,59,2874.418504547599,0,0,0.5640000000000001
5400,1-30 DPD,4,4972.821805938866,0,0,0.784
5401,31-60 DPD,54,2669.4215266987603,1,0,0.5840000000000001
5402,1-30 DPD,16,4077.7583610428483,0,0,0.736
5403,90+ DPD,158,4239.877936758095,0,0,0.16800000000000004
5404,1-30 DPD,11,2829.858719000859,0,1,0.756
5405,61-90 DPD,80,1228.849778026481,0,1,0.48000000000000004
5406,1-30 DPD,25,1159.131597945976,1,0,0.7000000000000001
5407,90+ DPD,116,3795.2114129988754,1,0,0.336
5408,1-30 DPD,13,4028.664506738102,1,1,0.748
5409,61-90 DPD,76,2394.474984129636,1,0,0.49600000000000005
5410,1-30 DPD,14,2945.1849962713777,0,1,0.744
5411,61-90 DPD,72,2573.2433680408653,0,0,0.512
5412,90+ DPD,113,2390.1944197908706,0,0,0.34800000000000003
5413,61-90 DPD,63,4220.179762834385,0,0,0.548
5414,1-30 DPD,1,2284.338580294562,1,1,0.796
5415,1-30 DPD,15,3543.2465139112164,1,0,0.74
5416,61-90 DPD,90,763.6304009503729,1,0,0.44000000000000006
5417,90+ DPD,117,1060.3084180774727,0,0,0.332
5418,31-60 DPD,37,1538.4064598249856,0,0,0.652
5419,1-30 DPD,18,3213.585937089489,0,0,0.728
5420,31-60 DPD,43,2344.8258238711196,1,0,0.628
5421,1-30 DPD,20,3761.597206689333,1,0,0.7200000000000001
5422,1-30 DPD,29,1568.604102816867,0,0,0.684
5423,61-90 DPD,72,4861.385490294104,1,0,0.512
5424,1-30 DPD,13,3201.268856051862,1,1,0.748
5425,31-60 DPD,31,4529.425645580569,1,0,0.676
5426,1-30 DPD,22,1072.3223577822178,1,0,0.7120000000000001
5427,90+ DPD,165,1607.9736978778033,1,0,0.14
5428,31-60 DPD,38,2650.445237922763,0,0,0.648
5429,1-30 DPD,22,3135.225918185764,0,0,0.7120000000000001
5430,31-60 DPD,44,3484.6127100657827,1,0,0.6240000000000001
5431,1-30 DPD,23,569.8630087069511,1,0,0.7080000000000001
5432,31-60 DPD,38,4205.824139262038,1,0,0.648
5433,90+ DPD,112,3891.865870075063,0,0,0.35200000000000004
5434,90+ DPD,144,4923.028847171118,0,0,0.22399999999999998
5435,1-30 DPD,20,1650.7707989784199,1,0,0.7200000000000001
5436,61-90 DPD,72,3559.383258844396,1,0,0.512
5437,31-60 DPD,50,3590.5419304127995,1,0,0.6000000000000001
5438,61-90 DPD,67,2763.65356901926,1,0,0.532
5439,1-30 DPD,24,1075.7212730659458,1,0,0.7040000000000001
5440,1-30 DPD,19,1669.0334422493038,0,0,0.7240000000000001
5441,31-60 DPD,34,4992.085563301229,1,0,0.664
5442,1-30 DPD,6,4759.051922430627,0,1,0.776
5443,31-60 DPD,36,3861.970142159555,0,0,0.656
5444,1-30 DPD,12,3582.5768603894053,1,1,0.752
5445,1-30 DPD,30,4504.698502924556,0,0,0.68
5446,1-30 DPD,23,1690.012124040216,0,0,0.7080000000000001
5447,61-90 DPD,73,1156.4658938970579,1,0,0.508
5448,31-60 DPD,42,1100.5672052790444,1,0,0.632
5449,31-60 DPD,38,2697.3898056674416,1,0,0.648
5450,31-60 DPD,54,4799.6021817733945,0,0,0.5840000000000001
5451,90+ DPD,174,2688.841972886989,0,0,0.10399999999999998
5452,31-60 DPD,52,4078.1451589986045,1,0,0.5920000000000001
5453,31-60 DPD,57,4161.77348340089,1,0,0.5720000000000001
5454,31-60 DPD,48,1900.600374801951,1,0,0.6080000000000001
5455,31-60 DPD,38,2289.56509669543,1,0,0.648
5456,31-60 DPD,49,1034.9192736037294,1,0,0.6040000000000001
5457,1-30 DPD,3,3625.13780933971,1,0,0.788
5458,1-30 DPD,28,4902.3971468363625,0,0,0.6880000000000001
5459,61-90 DPD,68,1814.2222615205399,0,0,0.528
5460,1-30 DPD,14,3859.170485502715,1,0,0.744
5461,1-30 DPD,16,3032.117192089126,1,1,0.736
5462,31-60 DPD,32,1184.7575964530315,0,0,0.672
5463,31-60 DPD,53,4297.571939337606,0,0,0.5880000000000001
5464,31-60 DPD,57,1499.09908032235,1,0,0.5720000000000001
5465,1-30 DPD,26,1776.232989993199,0,0,0.6960000000000001
5466,90+ DPD,145,2451.1397426098997,0,0,0.22000000000000008
5467,31-60 DPD,39,2909.7533806935585,1,0,0.644
5468,31-60 DPD,53,4288.895541590875,0,0,0.5880000000000001
5469,61-90 DPD,81,2520.4927680822557,1,0,0.47600000000000003
5470,1-30 DPD,1,2648.8441611441417,1,1,0.796
5471,31-60 DPD,60,1007.0356996135334,1,0,0.56
5472,61-90 DPD,65,4597.730553516767,0,0,0.54
5473,1-30 DPD,2,1903.6122471091599,1,0,0.792
5474,90+ DPD,91,2391.360804316474,1,0,0.43600000000000005
5475,31-60 DPD,58,3965.19888361,0,0,0.5680000000000001
5476,31-60 DPD,50,1895.6501583770205,1,0,0.6000000000000001
5477,1-30 DPD,13,1421.4213096293888,1,0,0.748
5478,1-30 DPD,3,2979.02763262166,1,1,0.788
5479,31-60 DPD,31,2976.970222605415,1,0,0.676
5480,31-60 DPD,38,982.6886392562985,1,0,0.648
5481,31-60 DPD,43,4390.453655864933,1,0,0.628
5482,1-30 DPD,7,898.5520559418383,1,0,0.772
5483,1-30 DPD,11,4696.526265409029,1,1,0.756
5484,90+ DPD,168,4744.799488989937,0,0,0.128
5485,90+ DPD,121,4611.172712088117,0,0,0.31600000000000006
5486,31-60 DPD,46,4355.88491154877,0,0,0.6160000000000001
5487,31-60 DPD,31,3859.0142537039037,1,0,0.676
5488,1-30 DPD,12,4092.3340088468635,1,0,0.752
5489,31-60 DPD,40,1927.3925969827385,1,0,0.64
5490,31-60 DPD,31,969.2285126011079,0,0,0.676
5491,31-60 DPD,49,2228.7493021638293,1,0,0.6040000000000001
5492,31-60 DPD,32,1104.9370851470458,0,0,0.672
5493,61-90 DPD,77,4157.826914417088,0,0,0.49200000000000005
5494,1-30 DPD,18,716.391005700081,1,0,0.728
5495,1-30 DPD,21,4988.379157024615,1,0,0.7160000000000001
5496,1-30 DPD,12,2484.849106237668,1,0,0.752
5497,1-30 DPD,3,4956.935041847428,0,0,0.788
5498,90+ DPD,101,3501.680727457618,1,0,0.396
5499,90+ DPD,143,4786.533376484522,0,0,0.22799999999999998
5500,90+ DPD,173,3050.1697201667553,1,0,0.10799999999999998
5501,31-60 DPD,60,3499.541367992224,1,0,0.56
5502,1-30 DPD,3,4489.3109603635485,1,1,0.788
5503,1-30 DPD,15,1687.5564322661978,1,0,0.74
5504,31-60 DPD,44,1229.5933301210964,0,0,0.6240000000000001
5505,1-30 DPD,14,4691.63484608022,1,0,0.744
5506,1-30 DPD,20,2744.451381859544,1,0,0.7200000000000001
5507,31-60 DPD,37,680.2691814294211,1,0,0.652
5508,90+ DPD,170,1786.5007384976245,1,0,0.12
5509,31-60 DPD,37,1804.0195926956326,1,0,0.652
5510,1-30 DPD,7,1064.291984959536,1,1,0.772
5511,31-60 DPD,47,4743.660655362109,1,0,0.6120000000000001
5512,31-60 DPD,51,1391.8668720361252,1,0,0.5960000000000001
5513,1-30 DPD,11,2893.5270060890375,0,0,0.756
5514,31-60 DPD,48,732.0766003293876,0,0,0.6080000000000001
5515,1-30 DPD,7,3521.964303203478,1,0,0.772
5516,61-90 DPD,80,4719.8230610313185,0,0,0.48000000000000004
5517,90+ DPD,166,2892.107148072606,0,0,0.136
5518,1-30 DPD,24,3382.928670967536,1,0,0.7040000000000001
5519,31-60 DPD,58,4294.316007754202,1,0,0.5680000000000001
5520,31-60 DPD,52,3754.2860723205836,1,0,0.5920000000000001
5521,1-30 DPD,7,1398.2530342536143,1,0,0.772
5522,1-30 DPD,25,677.6507794240765,0,0,0.7000000000000001
5523,1-30 DPD,7,4906.183661615973,1,0,0.772
5524,90+ DPD,159,3022.4709402728217,0,0,0.16400000000000003
5525,61-90 DPD,70,3996.8833416536754,0,0,0.52
5526,1-30 DPD,8,2401.2540064488967,1,1,0.768
5527,1-30 DPD,11,2225.2392824020703,1,1,0.756
5528,90+ DPD,130,1334.018463775672,0,0,0.28
5529,31-60 DPD,53,4352.051675772387,1,0,0.5880000000000001
5530,61-90 DPD,74,4231.788177720366,1,0,0.504
5531,31-60 DPD,51,976.2571789102408,0,0,0.5960000000000001
5532,90+ DPD,107,2632.6662016226314,1,1,0.37200000000000005
5533,31-60 DPD,38,3310.158929127758,0,0,0.648
5534,31-60 DPD,36,4652.7754251423175,1,0,0.656
5535,61-90 DPD,74,1971.2870441148702,0,0,0.504
5536,1-30 DPD,29,2904.9470431683503,1,0,0.684
5537,1-30 DPD,15,2333.041818879759,0,0,0.74
5538,61-90 DPD,86,1423.9388729504935,1,0,0.456
5539,1-30 DPD,9,2515.9851942078267,0,0,0.764
5540,31-60 DPD,59,797.0974079546501,0,0,0.5640000000000001
5541,31-60 DPD,33,4473.201922643775,1,1,0.668
5542,90+ DPD,128,4195.142325982122,1,0,0.28800000000000003
5543,1-30 DPD,1,2240.8327279401105,1,0,0.796
5544,61-90 DPD,82,2412.750273409064,0,0,0.47200000000000003
5545,90+ DPD,114,2785.3608677192587,0,0,0.34400000000000003
5546,31-60 DPD,51,4036.807157851363,1,0,0.5960000000000001
5547,1-30 DPD,13,4937.139206129751,1,0,0.748
5548,61-90 DPD,88,1243.5797528282667,0,0,0.44800000000000006
5549,1-30 DPD,11,4439.257352104993,1,0,0.756
5550,31-60 DPD,42,1575.413911395145,1,0,0.632
5551,1-30 DPD,16,4474.56273758452,1,0,0.736
5552,31-60 DPD,46,1290.9388533231897,0,0,0.6160000000000001
5553,1-30 DPD,24,2994.843818803746,1,0,0.7040000000000001
5554,1-30 DPD,6,3715.1558145394765,1,0,0.776
5555,31-60 DPD,35,3728.9721332977415,0,0,0.66
5556,1-30 DPD,20,2962.4185148548468,1,0,0.7200000000000001
5557,61-90 DPD,80,4978.080644635105,0,0,0.48000000000000004
5558,1-30 DPD,20,3358.523427407016,1,0,0.7200000000000001
5559,1-30 DPD,1,4159.611452086636,0,0,0.796
5560,1-30 DPD,28,1499.1193360754532,1,0,0.6880000000000001
5561,61-90 DPD,75,945.4474263475664,0,0,0.5
5562,90+ DPD,104,3628.940178753176,0,0,0.384
5563,1-30 DPD,22,2975.985208230528,0,0,0.7120000000000001
5564,31-60 DPD,34,1365.250006497501,1,0,0.664
5565,90+ DPD,135,1256.0815093362512,1,0,0.26
5566,1-30 DPD,19,4697.257759398122,1,1,0.7240000000000001
5567,1-30 DPD,25,627.5803403226085,1,1,0.7000000000000001
5568,1-30 DPD,3,2138.990600494787,0,0,0.788
5569,61-90 DPD,89,530.5712783219137,0,0,0.44400000000000006
5570,1-30 DPD,28,1785.173549111305,1,0,0.6880000000000001
5571,1-30 DPD,23,4251.5188983234875,1,0,0.7080000000000001
5572,31-60 DPD,49,1710.4557305635874,1,0,0.6040000000000001
5573,1-30 DPD,17,1836.8884016612699,1,0,0.732
5574,1-30 DPD,14,2193.436776474333,1,1,0.744
5575,1-30 DPD,16,3704.545702817643,1,0,0.736
5576,1-30 DPD,26,1483.1529309501689,0,0,0.6960000000000001
5577,1-30 DPD,23,2557.155720445459,1,0,0.7080000000000001
5578,1-30 DPD,18,627.1751639430814,1,0,0.728
5579,31-60 DPD,37,2354.4837172694506,0,0,0.652
5580,1-30 DPD,12,764.4555637162011,1,0,0.752
5581,1-30 DPD,5,1957.5137753701865,1,1,0.78
5582,31-60 DPD,51,955.9277552446372,1,0,0.5960000000000001
5583,31-60 DPD,57,4883.284153524693,1,0,0.5720000000000001
5584,1-30 DPD,10,567.9593256385949,1,1,0.76
5585,61-90 DPD,86,3216.073033533488,1,0,0.456
5586,31-60 DPD,31,854.1474323386839,1,0,0.676
5587,1-30 DPD,26,2195.833860673343,1,0,0.6960000000000001
5588,1-30 DPD,3,4066.0158343189187,0,1,0.788
5589,31-60 DPD,53,1714.5858584414714,0,0,0.5880000000000001
5590,31-60 DPD,34,4311.957779333144,0,0,0.664
5591,31-60 DPD,40,2587.345754130376,1,0,0.64
5592,1-30 DPD,23,1160.0679961789806,1,0,0.7080000000000001
5593,1-30 DPD,14,1555.7550306729731,0,1,0.744
5594,1-30 DPD,2,2527.5804748556075,1,0,0.792
5595,1-30 DPD,2,4422.363069501507,1,0,0.792
5596,31-60 DPD,32,1108.554831433276,1,0,0.672
5597,31-60 DPD,46,1379.5294336967668,1,0,0.6160000000000001
5598,1-30 DPD,30,2805.898638961161,1,0,0.68
5599,90+ DPD,106,4125.9986387774,0,0,0.37600000000000006
5600,31-60 DPD,35,4036.0256707109625,1,0,0.66
5601,31-60 DPD,48,3512.9700781537535,1,0,0.6080000000000001
5602,1-30 DPD,25,1247.2798653463383,1,0,0.7000000000000001
5603,1-30 DPD,18,3376.3901730113116,1,0,0.728
5604,1-30 DPD,26,4107.16537997072,1,1,0.6960000000000001
5605,1-30 DPD,3,3150.3959315050283,1,0,0.788
5606,31-60 DPD,33,3226.8693209400117,1,0,0.668
5607,31-60 DPD,40,4514.801827778677,0,0,0.64
5608,31-60 DPD,56,695.1283645908458,1,0,0.5760000000000001
5609,31-60 DPD,33,975.9812715918565,1,0,0.668
5610,1-30 DPD,24,4247.2171652858315,1,0,0.7040000000000001
5611,61-90 DPD,67,1935.1989961148233,1,1,0.532
5612,31-60 DPD,34,3119.1146478994237,1,0,0.664
5613,1-30 DPD,23,2131.0326267690366,1,0,0.7080000000000001
5614,31-60 DPD,48,2060.3845151249916,1,0,0.6080000000000001
5615,1-30 DPD,20,3779.528341588019,1,0,0.7200000000000001
5616,31-60 DPD,40,1729.8998184568843,0,0,0.64
5617,1-30 DPD,27,2812.65286881201,1,0,0.6920000000000001
5618,1-30 DPD,17,4119.994942321664,1,0,0.732
5619,1-30 DPD,21,4916.74085662206,1,0,0.7160000000000001
5620,31-60 DPD,35,696.397885975809,1,0,0.66
5621,1-30 DPD,29,2582.589970648222,1,0,0.684
5622,1-30 DPD,15,3039.2333539985557,1,1,0.74
5623,1-30 DPD,24,1340.8696113505666,0,0,0.7040000000000001
5624,90+ DPD,122,3205.4288447792815,1,0,0.31200000000000006
5625,1-30 DPD,9,3532.737238302926,1,1,0.764
5626,1-30 DPD,18,4400.301126322089,1,0,0.728
5627,1-30 DPD,5,4488.4787816568005,1,0,0.78
5628,61-90 DPD,65,3964.5401790046235,1,0,0.54
5629,1-30 DPD,23,2418.9265975982435,1,0,0.7080000000000001
5630,31-60 DPD,53,3323.874494063028,1,0,0.5880000000000001
5631,1-30 DPD,23,3011.7976421474973,1,0,0.7080000000000001
5632,61-90 DPD,86,659.5218046091779,1,0,0.456
5633,90+ DPD,177,990.0493299843561,0,0,0.09200000000000008
5634,90+ DPD,109,4433.496555596415,1,0,0.36400000000000005
5635,31-60 DPD,31,2290.6303288241124,1,0,0.676
5636,31-60 DPD,58,2493.4039718311824,0,0,0.5680000000000001
5637,1-30 DPD,3,3011.9012597158708,1,1,0.788
5638,31-60 DPD,34,1565.282299791156,1,0,0.664
5639,1-30 DPD,4,3598.4410455308057,0,1,0.784
5640,90+ DPD,140,3031.6976622695615,0,0,0.24
5641,1-30 DPD,13,726.2410768528002,1,0,0.748
5642,1-30 DPD,28,3754.485035446313,1,0,0.6880000000000001
5643,90+ DPD,125,2950.8839520386177,0,0,0.30000000000000004
5644,31-60 DPD,51,2900.3321005360717,1,0,0.5960000000000001
5645,31-60 DPD,49,4970.407019531425,1,0,0.6040000000000001
5646,1-30 DPD,25,1428.0493223062,1,1,0.7000000000000001
5647,1-30 DPD,14,1953.0117544173709,0,0,0.744
5648,1-30 DPD,24,3560.493181947988,1,0,0.7040000000000001
5649,1-30 DPD,23,1678.187471064218,1,0,0.7080000000000001
5650,1-30 DPD,7,4842.260052066283,1,0,0.772
5651,61-90 DPD,86,4176.865678584198,1,0,0.456
5652,61-90 DPD,86,1831.6274665442945,0,0,0.456
5653,1-30 DPD,29,4805.906079065075,1,0,0.684
5654,1-30 DPD,29,3600.8863936068988,1,0,0.684
5655,1-30 DPD,8,2305.49921595583,1,1,0.768
5656,31-60 DPD,31,4833.2976619269575,1,0,0.676
5657,1-30 DPD,26,1691.595166715036,1,0,0.6960000000000001
5658,31-60 DPD,35,3938.178217879518,1,0,0.66
5659,31-60 DPD,60,3345.5353755405813,1,0,0.56
5660,1-30 DPD,5,3997.3560872647345,1,0,0.78
5661,31-60 DPD,52,2618.6068204702983,1,0,0.5920000000000001
5662,1-30 DPD,16,2831.5646161286936,1,0,0.736
5663,31-60 DPD,52,562.7946272426148,0,0,0.5920000000000001
5664,1-30 DPD,30,3952.7951824575916,1,0,0.68
5665,31-60 DPD,56,843.7501074819696,1,0,0.5760000000000001
5666,1-30 DPD,13,2173.0156155271607,0,0,0.748
5667,61-90 DPD,62,2141.0968795850176,0,0,0.552
5668,31-60 DPD,56,4620.522952677384,0,0,0.5760000000000001
5669,1-30 DPD,25,1396.563351368788,1,0,0.7000000000000001
5670,1-30 DPD,19,4634.160965857253,1,0,0.7240000000000001
5671,1-30 DPD,26,1012.8874623508215,1,0,0.6960000000000001
5672,1-30 DPD,25,3864.950877294287,1,0,0.7000000000000001
5673,1-30 DPD,11,1156.8454897075612,1,0,0.756
5674,90+ DPD,135,4425.92353483406,0,0,0.26
5675,1-30 DPD,17,3578.448080860546,1,0,0.732
5676,90+ DPD,121,4813.872797421875,0,0,0.31600000000000006
5677,31-60 DPD,51,786.1883603542352,1,1,0.5960000000000001
5678,1-30 DPD,19,1619.3002698828582,1,0,0.7240000000000001
5679,1-30 DPD,10,2940.169731180903,1,0,0.76
5680,90+ DPD,130,1473.6316467083936,0,0,0.28
5681,31-60 DPD,58,1212.500121257603,0,0,0.5680000000000001
5682,1-30 DPD,9,4309.1885177286385,1,0,0.764
5683,1-30 DPD,28,3649.419512930895,1,0,0.6880000000000001
5684,1-30 DPD,10,1729.6347924999575,0,1,0.76
5685,61-90 DPD,83,2248.4101951376374,1,0,0.468
5686,61-90 DPD,67,4009.6682399277033,1,0,0.532
5687,1-30 DPD,26,3171.8808281818347,1,0,0.6960000000000001
5688,1-30 DPD,10,2433.7161615591467,1,0,0.76
5689,1-30 DPD,30,4062.076450632045,1,0,0.68
5690,61-90 DPD,71,808.3251556000963,0,0,0.516
5691,1-30 DPD,5,2147.229038373961,1,0,0.78
5692,1-30 DPD,3,2566.901152427987,1,0,0.788
5693,1-30 DPD,4,4252.595980196931,1,0,0.784
5694,31-60 DPD,43,2854.1193595317036,1,0,0.628
5695,31-60 DPD,59,4732.5250174495195,1,0,0.5640000000000001
5696,1-30 DPD,15,847.1488289158544,0,0,0.74
5697,1-30 DPD,5,4996.963155193834,0,0,0.78
5698,31-60 DPD,56,4953.934038320213,0,0,0.5760000000000001
5699,1-30 DPD,18,4139.931124129549,1,0,0.728
5700,1-30 DPD,6,4439.098612930702,0,0,0.776
5701,1-30 DPD,13,4396.589947011066,1,0,0.748
5702,31-60 DPD,60,1180.0727611641082,1,0,0.56
5703,1-30 DPD,23,4681.524683914123,1,0,0.7080000000000001
5704,1-30 DPD,5,3540.3330699489593,1,0,0.78
5705,31-60 DPD,43,3186.922915491476,1,0,0.628
5706,1-30 DPD,1,4949.838921804205,1,1,0.796
5707,31-60 DPD,37,1643.9450141065827,1,0,0.652
5708,1-30 DPD,29,4968.548994185761,1,0,0.684
5709,31-60 DPD,33,4981.786699262033,1,0,0.668
5710,61-90 DPD,71,4633.728337848975,1,0,0.516
5711,1-30 DPD,15,1617.1057619782437,0,0,0.74
5712,31-60 DPD,35,539.5744406086602,0,0,0.66
5713,90+ DPD,124,2418.5743140784416,0,0,0.30400000000000005
5714,90+ DPD,123,4613.222025745904,0,0,0.30800000000000005
5715,1-30 DPD,16,4057.339657485322,1,0,0.736
5716,61-90 DPD,68,1563.5764832131786,1,0,0.528
5717,90+ DPD,122,2093.8410295406356,0,0,0.31200000000000006
5718,1-30 DPD,23,2750.762844842187,1,0,0.7080000000000001
5719,90+ DPD,153,2276.1209919066882,0,0,0.18800000000000006
5720,90+ DPD,118,4631.766660917366,0,0,0.328
5721,1-30 DPD,5,2406.384765158655,1,0,0.78
5722,31-60 DPD,31,1752.4100906264048,1,0,0.676
5723,31-60 DPD,51,2579.052239234644,0,0,0.5960000000000001
5724,1-30 DPD,10,3234.2396371548416,1,1,0.76
5725,90+ DPD,135,2887.6342751942734,0,0,0.26
5726,1-30 DPD,26,4376.965665123492,0,1,0.6960000000000001
5727,1-30 DPD,7,1895.0539079537057,1,1,0.772
5728,90+ DPD,178,4858.626018518887,0,0,0.08800000000000008
5729,1-30 DPD,29,3954.8341122626516,0,0,0.684
5730,1-30 DPD,9,1886.9930856810329,1,1,0.764
5731,61-90 DPD,71,3635.222591703895,1,0,0.516
5732,90+ DPD,119,4988.8427157131755,0,0,0.324
5733,1-30 DPD,14,4696.30515107991,1,0,0.744
5734,1-30 DPD,17,3562.080609156759,0,0,0.732
5735,1-30 DPD,13,1290.5849924364825,1,0,0.748
5736,31-60 DPD,45,1664.179927683616,1,0,0.6200000000000001
5737,31-60 DPD,33,2205.653468151835,1,0,0.668
5738,31-60 DPD,40,3359.408184785157,1,1,0.64
5739,90+ DPD,175,2826.5260652668903,0,0,0.09999999999999998
5740,1-30 DPD,27,2268.933794032845,1,0,0.6920000000000001
5741,61-90 DPD,61,1891.889229438383,1,0,0.556
5742,1-30 DPD,30,1173.368691086484,1,0,0.68
5743,1-30 DPD,1,3857.408467127176,1,0,0.796
5744,1-30 DPD,12,1679.2295614807877,1,1,0.752
5745,1-30 DPD,19,954.7528123608088,1,0,0.7240000000000001
5746,1-30 DPD,2,1635.3970006024688,1,1,0.792
5747,31-60 DPD,34,975.6720193689393,1,0,0.664
5748,1-30 DPD,25,4099.741390538098,0,0,0.7000000000000001
5749,1-30 DPD,17,1635.7631262894972,1,0,0.732
5750,31-60 DPD,31,1148.3719599454535,1,0,0.676
5751,31-60 DPD,56,1748.7466987697521,0,0,0.5760000000000001
5752,1-30 DPD,28,4670.947824449444,0,0,0.6880000000000001
5753,1-30 DPD,6,3256.072431417147,1,0,0.776
5754,31-60 DPD,41,4187.056247158316,1,0,0.636
5755,1-30 DPD,17,4606.1579345270775,0,0,0.732
5756,31-60 DPD,41,4473.729533976808,1,0,0.636
5757,1-30 DPD,22,3899.9926230228043,1,0,0.7120000000000001
5758,31-60 DPD,50,2298.6599294447597,0,0,0.6000000000000001
5759,31-60 DPD,50,3021.5753958598893,1,0,0.6000000000000001
5760,61-90 DPD,63,2004.1552659640008,1,0,0.548
5761,1-30 DPD,26,1808.4213293549278,1,0,0.6960000000000001
5762,61-90 DPD,73,2858.5741440841452,1,1,0.508
5763,31-60 DPD,39,1282.284430966135,1,0,0.644
5764,31-60 DPD,49,4365.168262400606,1,0,0.6040000000000001
5765,1-30 DPD,2,2790.9207462430218,1,1,0.792
5766,61-90 DPD,66,4531.08517559693,0,0,0.536
5767,1-30 DPD,8,1006.3619092072042,1,0,0.768
5768,1-30 DPD,21,1223.5099619213584,1,0,0.7160000000000001
5769,61-90 DPD,74,2526.8164808464576,0,0,0.504
5770,1-30 DPD,12,3322.5396302407594,1,0,0.752
5771,90+ DPD,127,3434.064539412235,0,0,0.29200000000000004
5772,1-30 DPD,7,4581.812209358794,1,0,0.772
5773,1-30 DPD,17,4211.03492792022,0,0,0.732
5774,1-30 DPD,13,3657.4585038565897,1,0,0.748
5775,1-30 DPD,15,2893.7661518431496,1,0,0.74
5776,1-30 DPD,6,2703.6418366825733,1,0,0.776
5777,1-30 DPD,6,2989.5859511287945,1,1,0.776
5778,61-90 DPD,71,4154.927212704752,0,0,0.516
5779,1-30 DPD,4,1807.5662041201965,1,0,0.784
5780,1-30 DPD,18,4477.847959469858,1,0,0.728
5781,61-90 DPD,67,2182.9141729978737,1,0,0.532
5782,31-60 DPD,60,1844.3409456359252,1,0,0.56
5783,90+ DPD,117,4267.765713920844,0,0,0.332
5784,31-60 DPD,39,3578.137803823613,1,0,0.644
5785,61-90 DPD,69,3843.785178663927,1,0,0.524
5786,1-30 DPD,19,4270.960507482825,0,0,0.7240000000000001
5787,1-30 DPD,6,2443.4609602777227,1,0,0.776
5788,1-30 DPD,2,2790.0531412757896,0,0,0.792
5789,31-60 DPD,42,2903.1368706980616,0,0,0.632
5790,1-30 DPD,4,2501.3083370179547,0,1,0.784
5791,1-30 DPD,24,1368.7498224836017,1,0,0.7040000000000001
5792,31-60 DPD,38,1095.806089557668,1,0,0.648
5793,31-60 DPD,55,1840.5311641704932,0,0,0.5800000000000001
5794,1-30 DPD,14,4957.541166307325,1,0,0.744
5795,61-90 DPD,66,783.8285188331777,1,0,0.536
5796,90+ DPD,144,3474.995736072232,0,0,0.22399999999999998
5797,1-30 DPD,4,2979.551244903999,0,0,0.784
5798,1-30 DPD,8,1053.826645144627,1,0,0.768
5799,31-60 DPD,34,3215.4442274345606,1,0,0.664
5800,1-30 DPD,25,1423.0456890138635,1,0,0.7000000000000001
5801,1-30 DPD,5,3399.0783902206454,0,1,0.78
5802,31-60 DPD,39,3836.4564260443162,1,0,0.644
5803,31-60 DPD,32,4728.381706901495,0,0,0.672
5804,1-30 DPD,11,3242.250499304966,1,1,0.756
5805,1-30 DPD,24,4462.556203024269,0,0,0.7040000000000001
5806,31-60 DPD,50,1160.345675132538,1,0,0.6000000000000001
5807,61-90 DPD,75,4398.9755393029845,0,0,0.5
5808,90+ DPD,149,1226.4653233862828,1,0,0.20400000000000007
5809,1-30 DPD,15,1730.8030908044516,1,0,0.74
5810,1-30 DPD,14,4135.922959024467,1,0,0.744
5811,1-30 DPD,7,3272.353049135315,1,1,0.772
5812,31-60 DPD,45,2926.2930164886893,0,0,0.6200000000000001
5813,1-30 DPD,2,4114.888075244249,0,1,0.792
5814,31-60 DPD,35,1727.9388417177809,0,1,0.66
5815,90+ DPD,139,4670.284495304372,0,0,0.244
5816,31-60 DPD,55,1728.7311521531255,1,0,0.5800000000000001
5817,1-30 DPD,7,1579.0774447528431,1,1,0.772
5818,31-60 DPD,36,2198.28810561502,1,1,0.656
5819,1-30 DPD,20,3852.1027237635217,1,0,0.7200000000000001
5820,1-30 DPD,11,2355.6627063555316,0,1,0.756
5821,61-90 DPD,79,3807.69217117309,0,0,0.48400000000000004
5822,61-90 DPD,61,4498.191602372791,1,0,0.556
5823,1-30 DPD,5,4974.310526123784,1,0,0.78
5824,31-60 DPD,31,4378.0736289593115,1,0,0.676
5825,1-30 DPD,1,4340.2759065137525,1,0,0.796
5826,31-60 DPD,42,2397.7096087721375,0,0,0.632
5827,1-30 DPD,10,1750.4634360487496,1,1,0.76
5828,1-30 DPD,15,4412.472199351147,1,0,0.74
5829,31-60 DPD,36,4914.9047204164135,0,0,0.656
5830,1-30 DPD,27,1765.5941864891927,0,0,0.6920000000000001
5831,1-30 DPD,24,4689.763844226058,1,0,0.7040000000000001
5832,1-30 DPD,27,3366.366587193948,1,1,0.6920000000000001
5833,61-90 DPD,85,2900.1323342674787,0,0,0.46
5834,1-30 DPD,28,2680.2769801862123,1,0,0.6880000000000001
5835,1-30 DPD,15,4945.809534967194,1,0,0.74
5836,31-60 DPD,34,1888.8884793389236,0,0,0.664
5837,1-30 DPD,1,844.3265997885562,1,0,0.796
5838,61-90 DPD,86,3221.669922075748,0,0,0.456
5839,1-30 DPD,22,3414.159224220097,1,0,0.7120000000000001
5840,90+ DPD,100,2918.655760146122,1,0,0.4
5841,31-60 DPD,31,3849.9515357203136,1,0,0.676
5842,31-60 DPD,52,705.9103647841414,1,0,0.5920000000000001
5843,31-60 DPD,33,4701.315754611409,0,0,0.668
5844,31-60 DPD,49,3010.2088248289097,1,0,0.6040000000000001
5845,1-30 DPD,30,720.8577776572208,1,0,0.68
5846,1-30 DPD,8,4968.165526708699,1,0,0.768
5847,31-60 DPD,53,645.1632716083875,1,1,0.5880000000000001
5848,1-30 DPD,27,4055.029070367245,1,1,0.6920000000000001
5849,31-60 DPD,47,2545.8075378407566,1,0,0.6120000000000001
5850,1-30 DPD,21,1985.2183530286663,0,0,0.7160000000000001
5851,31-60 DPD,38,3069.7247720301166,1,0,0.648
5852,61-90 DPD,68,2393.8531441901546,0,0,0.528
5853,1-30 DPD,22,1209.9479560878372,1,0,0.7120000000000001
5854,1-30 DPD,2,2406.4807560547306,1,0,0.792
5855,1-30 DPD,29,3640.2300422031144,0,0,0.684
5856,31-60 DPD,58,4712.320573960628,1,0,0.5680000000000001
5857,61-90 DPD,67,3598.5760518510274,1,0,0.532
5858,1-30 DPD,19,4176.765727024696,1,0,0.7240000000000001
5859,1-30 DPD,26,4003.5870924834758,0,0,0.6960000000000001
5860,31-60 DPD,41,520.6031750544424,0,0,0.636
5861,1-30 DPD,4,4896.216411400247,1,0,0.784
5862,90+ DPD,102,4180.941788000215,0,0,0.392
5863,1-30 DPD,21,1948.1164780264103,1,0,0.7160000000000001
5864,61-90 DPD,76,4107.554029999245,1,0,0.49600000000000005
5865,31-60 DPD,58,1824.1804779334907,1,0,0.5680000000000001
5866,1-30 DPD,11,1108.4192235957967,0,0,0.756
5867,1-30 DPD,19,1477.897877094057,1,0,0.7240000000000001
5868,31-60 DPD,48,857.0503489589307,0,0,0.6080000000000001
5869,1-30 DPD,28,2598.3353116711905,1,0,0.6880000000000001
5870,61-90 DPD,80,3480.9959029959323,1,0,0.48000000000000004
5871,1-30 DPD,6,2904.1623931837958,1,1,0.776
5872,1-30 DPD,15,2855.662758357379,0,0,0.74
5873,1-30 DPD,23,2116.7559418584115,0,0,0.7080000000000001
5874,31-60 DPD,54,2843.7919801466683,1,0,0.5840000000000001
5875,1-30 DPD,23,2217.7198097943615,0,0,0.7080000000000001
5876,31-60 DPD,53,2543.1575093918136,0,0,0.5880000000000001
5877,1-30 DPD,6,2116.467896591502,0,0,0.776
5878,1-30 DPD,27,4777.0792763317695,1,0,0.6920000000000001
5879,31-60 DPD,53,4276.975678162559,1,0,0.5880000000000001
5880,90+ DPD,106,1353.7026009928982,1,0,0.37600000000000006
5881,61-90 DPD,84,2921.9467882587883,1,0,0.464
5882,31-60 DPD,50,4733.913028701363,1,0,0.6000000000000001
5883,61-90 DPD,88,3130.7204824754417,0,0,0.44800000000000006
5884,1-30 DPD,28,1679.9078215842637,1,1,0.6880000000000001
5885,1-30 DPD,14,3388.0262889612854,1,1,0.744
5886,61-90 DPD,68,1726.60479049723,0,0,0.528
5887,31-60 DPD,48,4240.680792073965,0,0,0.6080000000000001
5888,1-30 DPD,18,4141.897588962247,1,0,0.728
5889,31-60 DPD,39,3417.647801618284,1,0,0.644
5890,1-30 DPD,16,4020.4063796456912,0,0,0.736
5891,1-30 DPD,19,1229.675480262376,1,0,0.7240000000000001
5892,31-60 DPD,48,1559.9497083540707,0,1,0.6080000000000001
5893,1-30 DPD,30,1980.1175779063146,1,0,0.68
5894,31-60 DPD,59,930.5395070196543,1,0,0.5640000000000001
5895,31-60 DPD,34,4182.823000118073,0,0,0.664
5896,31-60 DPD,39,3296.9533231078904,1,0,0.644
5897,1-30 DPD,1,505.99315701656593,1,1,0.796
5898,31-60 DPD,41,1992.321989345807,1,0,0.636
5899,90+ DPD,124,3386.532078904626,0,0,0.30400000000000005
5900,1-30 DPD,27,3562.7719309609124,0,0,0.6920000000000001
5901,1-30 DPD,8,3693.5032837405897,1,0,0.768
5902,90+ DPD,99,4634.045799595543,0,1,0.404
5903,1-30 DPD,8,1039.8478456508833,1,1,0.768
5904,31-60 DPD,52,2223.842102969466,1,0,0.5920000000000001
5905,1-30 DPD,16,1420.182621709915,0,0,0.736
5906,61-90 DPD,77,4222.4854170332765,1,0,0.49200000000000005
5907,1-30 DPD,12,669.9265852872186,0,1,0.752
5908,1-30 DPD,26,1267.941018487013,1,0,0.6960000000000001
5909,61-90 DPD,67,2687.8795827630693,0,0,0.532
5910,1-30 DPD,17,679.6412328670473,1,0,0.732
5911,90+ DPD,96,2762.1430597117837,1,0,0.41600000000000004
5912,1-30 DPD,29,4936.435306060586,0,0,0.684
5913,31-60 DPD,46,4672.512090219027,0,0,0.6160000000000001
5914,1-30 DPD,14,1358.125114052919,1,1,0.744
5915,1-30 DPD,1,2449.796475029206,1,0,0.796
5916,31-60 DPD,33,2387.5260505753718,1,0,0.668
5917,1-30 DPD,10,1153.0909948134386,1,0,0.76
5918,1-30 DPD,24,4388.925278327744,1,0,0.7040000000000001
5919,31-60 DPD,48,3591.035312062521,1,1,0.6080000000000001
5920,90+ DPD,173,4739.087664332127,0,0,0.10799999999999998
5921,1-30 DPD,8,4169.096567428218,1,0,0.768
5922,1-30 DPD,21,2594.117117327211,1,0,0.7160000000000001
5923,1-30 DPD,11,1907.5098291578195,1,0,0.756
5924,90+ DPD,101,2845.9801010764345,0,0,0.396
5925,1-30 DPD,13,3508.1275807333022,1,0,0.748
5926,1-30 DPD,11,2234.627240478129,1,0,0.756
5927,1-30 DPD,30,1705.1815527152846,0,0,0.68
5928,1-30 DPD,2,4479.485756817638,1,0,0.792
5929,61-90 DPD,77,3285.412324849708,0,0,0.49200000000000005
5930,1-30 DPD,30,3317.8378711293576,1,0,0.68
5931,1-30 DPD,7,3111.6875590841473,1,1,0.772
5932,61-90 DPD,77,4365.387788177935,0,0,0.49200000000000005
5933,1-30 DPD,14,3656.035950513511,0,1,0.744
5934,31-60 DPD,38,3028.478888289328,1,0,0.648
5935,1-30 DPD,14,2983.352006580292,0,1,0.744
5936,1-30 DPD,16,4960.339873345578,1,0,0.736
5937,1-30 DPD,16,2618.1662918304814,1,0,0.736
5938,90+ DPD,139,2910.291060001147,0,0,0.244
5939,1-30 DPD,24,3707.6205455705626,1,0,0.7040000000000001
5940,31-60 DPD,46,4992.623250676477,1,0,0.6160000000000001
5941,61-90 DPD,72,2960.15716759804,0,1,0.512
5942,1-30 DPD,22,3863.125983638815,1,0,0.7120000000000001
5943,61-90 DPD,64,1289.8326349120366,0,0,0.544
5944,90+ DPD,174,4330.503548902643,0,0,0.10399999999999998
5945,31-60 DPD,60,2160.751407442781,0,0,0.56
5946,1-30 DPD,26,3466.9721160350896,0,0,0.6960000000000001
5947,1-30 DPD,18,2586.8586611666174,0,0,0.728
5948,1-30 DPD,17,3849.9293682774532,0,0,0.732
5949,1-30 DPD,14,788.6526508706095,1,0,0.744
5950,1-30 DPD,7,1455.2635377718907,1,0,0.772
5951,31-60 DPD,54,3030.661372689816,1,0,0.5840000000000001
5952,1-30 DPD,16,4033.6806762056435,0,0,0.736
5953,61-90 DPD,66,3501.5978578176537,0,0,0.536
5954,1-30 DPD,14,2722.9231602874447,1,1,0.744
5955,61-90 DPD,65,2358.0672108261715,0,0,0.54
5956,1-30 DPD,2,1162.4796991617973,0,1,0.792
5957,1-30 DPD,14,4296.272602006195,1,0,0.744
5958,61-90 DPD,85,1044.8289288830995,1,0,0.46
5959,61-90 DPD,69,4748.806680709134,1,0,0.524
5960,1-30 DPD,9,1902.9223473203713,0,1,0.764
5961,61-90 DPD,78,4457.924336996095,1,1,0.48800000000000004
5962,90+ DPD,126,2810.3137761670705,0,0,0.29600000000000004
5963,31-60 DPD,58,513.7878085377572,0,0,0.5680000000000001
5964,1-30 DPD,5,3309.6775757926953,1,0,0.78
5965,1-30 DPD,24,519.6158316883163,1,0,0.7040000000000001
5966,1-30 DPD,18,1406.0665895800116,1,0,0.728
5967,61-90 DPD,86,3658.7507101385804,1,0,0.456
5968,1-30 DPD,17,500.07966441901505,1,0,0.732
5969,90+ DPD,173,4420.561609039991,0,0,0.10799999999999998
5970,1-30 DPD,29,1474.2129619551845,1,0,0.684
5971,31-60 DPD,37,3780.7746200874144,0,0,0.652
5972,1-30 DPD,23,2123.9981080935804,1,0,0.7080000000000001
5973,1-30 DPD,20,4482.467892500156,0,0,0.7200000000000001
5974,31-60 DPD,55,2926.3820496688923,0,0,0.5800000000000001
5975,1-30 DPD,5,1808.5928814077422,1,0,0.78
5976,31-60 DPD,41,4415.979902983306,1,0,0.636
5977,1-30 DPD,8,1929.214363429605,1,0,0.768
5978,61-90 DPD,87,1096.5754616435393,0,0,0.452
5979,31-60 DPD,45,4374.118240851007,0,0,0.6200000000000001
5980,1-30 DPD,3,4075.733646416135,1,1,0.788
5981,31-60 DPD,36,3518.9517260904418,0,0,0.656
5982,1-30 DPD,19,4155.236977405725,1,0,0.7240000000000001
5983,31-60 DPD,44,3556.3028700603068,1,0,0.6240000000000001
5984,1-30 DPD,27,4546.931891263794,0,0,0.6920000000000001
5985,1-30 DPD,15,1109.5672977015502,1,0,0.74
5986,1-30 DPD,11,3667.567493015106,1,0,0.756
5987,90+ DPD,101,3610.000223195693,0,0,0.396
5988,1-30 DPD,18,3564.862124887732,1,0,0.728
5989,61-90 DPD,66,1565.1965028131947,0,0,0.536
5990,31-60 DPD,48,2521.2601063229195,1,0,0.6080000000000001
5991,1-30 DPD,5,3592.7729305346193,0,1,0.78
5992,1-30 DPD,13,3746.8135392224103,0,1,0.748
5993,31-60 DPD,47,3136.5913695113045,0,0,0.6120000000000001
5994,90+ DPD,98,1230.5015672472819,1,0,0.40800000000000003
5995,1-30 DPD,27,4928.826733547675,1,0,0.6920000000000001
5996,61-90 DPD,82,1635.2754960551779,0,0,0.47200000000000003
5997,1-30 DPD,8,4057.0317246232075,1,1,0.768
5998,1-30 DPD,5,4099.729064081217,1,1,0.78
5999,90+ DPD,153,2580.4743356247295,0,0,0.18800000000000006
